﻿<?xml version="1.0" encoding="utf-8" ?>
<IndexCalculation>
<Blocks>
  <!--地块向包含数据 单位：平方米-->
  <Block Type="R">
    <!-- 单位：千瓦/平方米-->
    <EConsumption>3500000,7000000</EConsumption>
    <!-- 单位：吨/平方米-->
    <WConsumption>900000,1800000</WConsumption>
    <!-- 只能按人口算 单位：千克/人-->
    <GConsumption>1.0,1.5</GConsumption>
  </Block>
  <Block Type="C">
    <EConsumption>10000000,20000000</EConsumption>
    <WConsumption>1100000,3300000</WConsumption>
    <GConsumption>1.0,1.5</GConsumption>
  </Block>
  <Block Type="GIC">
    <EConsumption>3000000,7000000</EConsumption>
    <WConsumption>600000,1200000</WConsumption>
    <GConsumption>1.0,1.5</GConsumption>
  </Block>
  <Block Type="M">
    <EConsumption>7000000,13000000</EConsumption>
    <WConsumption>800000,1600000</WConsumption>
    <GConsumption>1.0,1.5</GConsumption>
  </Block>
  <Block Type="W">
    <EConsumption>1500000,2500000</EConsumption>
    <WConsumption>300000,600000</WConsumption>
    <GConsumption>1.0,1.5</GConsumption>
  </Block>
  <Block Type="S">
    <EConsumption>1500000,3000000</EConsumption>
    <WConsumption>250000,500000</WConsumption>
    <GConsumption>1.0,1.5</GConsumption>
  </Block>
  <Block Type="U">
    <EConsumption>1500000,2500000</EConsumption>
    <WConsumption>250000,500000</WConsumption>
    <GConsumption>1.0,1.5</GConsumption>
  </Block>
  <Block Type="G">
    <EConsumption>100000,150000</EConsumption>
    <WConsumption>200000,210000</WConsumption>
    <GConsumption>1.0,1.5</GConsumption>
  </Block>
  <Block Type="E9">
    <EConsumption>5000000,10000000</EConsumption>
    <WConsumption>1000000,1500000</WConsumption>
    <GConsumption>1.0,1.5</GConsumption>
  </Block>
</Blocks>
<Buildings>
  <!--建筑向包含数据 单位：平方米-->
  <Building Type="R">
    <!-- 单位：千瓦/平方米-->
    <EConsumption>0.02,0.04</EConsumption>
    <!-- 单位：吨/平方米-->
    <WConsumption>6,8</WConsumption>
    <!-- 只能按人口算 单位：千克/人-->
    <GConsumption>1.0,1.5</GConsumption>
  </Building>
  <Building Type="C">
    <EConsumption>0.05,0.08</EConsumption>
    <WConsumption>8,14</WConsumption>
    <!-- 只能按人口算 单位：千克/人-->
    <GConsumption>0.6,0.9</GConsumption>
  </Building>
  <Building Type="H">
    <EConsumption>0.05,0.08</EConsumption>
    <WConsumption>8,14</WConsumption>
    <!-- 只能按人口算 单位：千克/人-->
    <GConsumption>0.6,0.9</GConsumption>
  </Building>
  <Building Type="O">
    <EConsumption>0.05,0.08</EConsumption>
    <WConsumption>8,14</WConsumption>
    <!-- 只能按人口算 单位：千克/人-->
    <GConsumption>0.6,0.9</GConsumption>
  </Building>
  <Building Type="GIC">
    <EConsumption>0.03,0.07</EConsumption>
    <WConsumption>8,14</WConsumption>
    <!-- 只能按人口算 单位：千克/人-->
    <GConsumption>0.4,0.6</GConsumption>
  </Building>
  <Building Type="M">
    <EConsumption>0.06,0.12</EConsumption>
    <WConsumption>6,11</WConsumption>
    <!-- 只能按人口算 单位：千克/人-->
    <GConsumption>0,0.2</GConsumption>
  </Building>
  <Building Type="W">
    <EConsumption>0.02,0.05</EConsumption>
    <WConsumption>3.5,7</WConsumption>
    <!-- 只能按人口算 单位：千克/人-->
    <GConsumption>0,0.2</GConsumption>
  </Building>
  <Building Type="S">
    <EConsumption>0.015,0.035</EConsumption>
    <WConsumption>8,12</WConsumption>
    <!-- 只能按人口算 单位：千克/人-->
    <GConsumption>0,0.1</GConsumption>
  </Building>
  
</Buildings>
<PopulationIndex>
  <Population Type="0">
    <Layer>1,3</Layer>
    <People>36</People>
    <FAR>1.0,1.2</FAR>
    <MaxDensity>0.4</MaxDensity>
    <MinGreen>0.28</MinGreen>
    <MaxHeight>18</MaxHeight>
  </Population>
  <Population  Type="1">
    <Layer>4,6</Layer>
    <People>30</People>
    <FAR>1.2,1.7</FAR>
    <MaxDensity>0.3</MaxDensity>
    <MinGreen>0.3</MinGreen>
    <MaxHeight>27</MaxHeight>
  </Population>
  <Population  Type="2">
    <Layer>7,9</Layer>
    <People>21</People>
    <FAR>1.7,2.0</FAR>
    <MaxDensity>0.28</MaxDensity>
    <MinGreen>0.3</MinGreen>
    <MaxHeight>36</MaxHeight>
  </Population>
  <Population  Type="3">
    <Layer>10,18</Layer>
    <People>17</People>
    <FAR>2.0,2.7</FAR>
    <MaxDensity>0.2</MaxDensity>
    <MinGreen>0.35</MinGreen>
    <MaxHeight>54</MaxHeight>
  </Population>
  <Population  Type="4">
    <Layer>19,26</Layer>
    <People>13</People>
    <FAR>2.7,2.9</FAR>
    <MaxDensity>0.2</MaxDensity>
    <MinGreen>0.35</MinGreen>
    <MaxHeight>80</MaxHeight>
  </Population>
</PopulationIndex>
</IndexCalculation>
